Date,Close/Last
4/14/16,1.251
4/15/16,1.2485
4/18/16,1.2595
4/19/16,1.279
4/20/16,1.287
4/21/16,1.241
4/22/16,1.2335
4/25/16,1.2355
4/26/16,1.2575
4/27/16,1.215
4/28/16,1.2095
4/29/16,1.215
5/2/16,1.1965
5/3/16,1.1925
5/4/16,1.197
5/5/16,1.215
5/6/16,1.245
5/9/16,1.2645
5/10/16,1.2875
5/11/16,1.2975
5/12/16,1.3005
5/13/16,1.301
5/16/16,1.336
5/17/16,1.327
5/18/16,1.301
5/19/16,1.2395
5/20/16,1.247
5/23/16,1.2215
5/24/16,1.218
5/25/16,1.214
5/26/16,1.215
5/27/16,1.213
5/31/16,1.2155
6/1/16,1.219
6/2/16,1.23
6/3/16,1.271
6/6/16,1.317
6/7/16,1.322
6/8/16,1.4165
6/9/16,1.3585
6/10/16,1.3885
6/13/16,1.393
6/14/16,1.3705
6/15/16,1.401
6/16/16,1.4145
6/17/16,1.4285
6/20/16,1.413
6/21/16,1.4095
6/22/16,1.397
6/23/16,1.429
6/24/16,1.3715
6/27/16,1.3605
6/28/16,1.406
6/29/16,1.4445
6/30/16,1.4565
7/1/16,1.464
7/5/16,1.4555
7/6/16,1.433
7/7/16,1.418
7/8/16,1.441
7/11/16,1.493
7/12/16,1.474
7/13/16,1.4765
7/14/16,1.5215
7/15/16,1.4755
7/18/16,1.4945
7/19/16,1.4655
7/20/16,1.47
7/21/16,1.4685
7/22/16,1.419
7/25/16,1.411
7/26/16,1.416
7/27/16,1.412
7/28/16,1.4215
7/29/16,1.462
8/1/16,1.4345
8/2/16,1.4125
8/3/16,1.404
8/4/16,1.421
8/5/16,1.4615
8/8/16,1.448
8/9/16,1.4475
8/10/16,1.4235
8/11/16,1.4115
8/12/16,1.4035
8/15/16,1.4055
8/16/16,1.4075
8/17/16,1.381
8/18/16,1.4145
8/19/16,1.416
8/22/16,1.464
8/23/16,1.4725
8/24/16,1.431
8/25/16,1.4445
8/26/16,1.4485
8/29/16,1.451
8/30/16,1.4605
8/31/16,1.4705
9/1/16,1.514
9/2/16,1.514
9/6/16,1.5375
9/7/16,1.551
9/8/16,1.549
9/9/16,1.5115
9/12/16,1.509
9/13/16,1.484
9/14/16,1.489
9/15/16,1.489
9/16/16,1.484
9/19/16,1.528
9/20/16,1.568
9/21/16,1.5655
9/22/16,1.5525
9/23/16,1.514
9/26/16,1.5355
9/27/16,1.537
9/28/16,1.531
9/29/16,1.5015
9/30/16,1.5155
10/3/16,1.4755
10/4/16,1.4745
10/5/16,1.482
10/6/16,1.464
10/7/16,1.48
10/10/16,1.5285
10/11/16,1.508
10/12/16,1.521
10/13/16,1.527
10/14/16,1.554
10/17/16,1.571
10/18/16,1.5875
10/19/16,1.5785
10/20/16,1.559
10/21/16,1.561
10/24/16,1.579
10/25/16,1.645
10/26/16,1.637
10/27/16,1.648
10/28/16,1.655
10/31/16,1.6415
11/1/16,1.6145
11/2/16,1.629
11/3/16,1.6565
11/4/16,1.7135
11/7/16,1.7435
11/8/16,1.712
11/9/16,1.738
11/10/16,1.6565
11/11/16,1.631
11/14/16,1.6545
11/15/16,1.653
11/16/16,1.644
11/17/16,1.6295
11/18/16,1.621
11/21/16,1.633
11/22/16,1.6185
11/23/16,1.577
11/25/16,1.554
11/28/16,1.5665
11/29/16,1.5305
11/30/16,1.506
12/1/16,1.449
12/2/16,1.458
12/5/16,1.445
12/6/16,1.42
12/7/16,1.417
12/8/16,1.414
12/9/16,1.3935
12/12/16,1.42
12/13/16,1.4285
12/14/16,1.4415
12/15/16,1.422
12/16/16,1.4245
12/19/16,1.4425
12/20/16,1.4385
12/21/16,1.4455
12/22/16,1.391
12/23/16,1.3615
12/27/16,1.342
12/28/16,1.335
12/29/16,1.3545
12/30/16,1.3705
1/3/17,1.374
1/4/17,1.418
1/5/17,1.4375
1/6/17,1.4285
1/9/17,1.442
1/10/17,1.477
1/11/17,1.49
1/12/17,1.496
1/13/17,1.493
1/17/17,1.499
1/18/17,1.492
1/19/17,1.5075
1/20/17,1.532
1/23/17,1.554
1/24/17,1.5235
1/25/17,1.529
1/26/17,1.5145
1/27/17,1.524
1/30/17,1.5115
1/31/17,1.4955
2/1/17,1.5015
2/2/17,1.485
2/3/17,1.487
2/6/17,1.4655
2/7/17,1.4505
2/8/17,1.453
2/9/17,1.476
2/10/17,1.4815
2/13/17,1.4655
2/14/17,1.4595
2/15/17,1.4695
2/16/17,1.484
2/17/17,1.4955
2/21/17,1.5185
2/22/17,1.509
2/23/17,1.4995
2/24/17,1.4625
2/27/17,1.411
2/28/17,1.426
3/1/17,1.448
3/2/17,1.4435
3/3/17,1.433
3/6/17,1.4145
3/7/17,1.407
3/8/17,1.4175
3/9/17,1.4045
3/10/17,1.4135
3/13/17,1.4235
3/14/17,1.4125
3/15/17,1.409
3/16/17,1.4145
3/17/17,1.4205
3/20/17,1.4525
3/21/17,1.4475
3/22/17,1.417
3/23/17,1.405
3/24/17,1.376
3/27/17,1.392
3/28/17,1.3885
3/29/17,1.393
3/30/17,1.393
3/31/17,1.393
4/3/17,1.3785
4/4/17,1.3775
4/5/17,1.373
4/6/17,1.3775
4/7/17,1.424
4/10/17,1.4215
4/11/17,1.424
4/12/17,1.406
4/13/17,1.4125
4/17/17,1.435
4/18/17,1.4555
4/19/17,1.4065
4/20/17,1.343
4/21/17,1.329
4/24/17,1.319
4/25/17,1.324
4/26/17,1.307
4/27/17,1.295
4/28/17,1.334
5/1/17,1.3585
5/2/17,1.3625
5/3/17,1.3745
5/4/17,1.3495
5/5/17,1.357
5/8/17,1.369
5/9/17,1.3515
5/10/17,1.3665
5/11/17,1.3425
5/12/17,1.3495
5/15/17,1.3345
5/16/17,1.3145
5/17/17,1.344
5/18/17,1.2965
5/19/17,1.321
5/22/17,1.306
5/23/17,1.3025
5/24/17,1.2855
5/25/17,1.293
5/26/17,1.312
5/30/17,1.321
5/31/17,1.2935
6/1/17,1.277
6/2/17,1.2555
6/5/17,1.2845
6/6/17,1.2555
6/7/17,1.2575
6/8/17,1.2635
6/9/17,1.2885
6/12/17,1.298
6/13/17,1.2865
6/14/17,1.2775
6/15/17,1.2805
6/16/17,1.2595
6/19/17,1.266
6/20/17,1.246
6/21/17,1.2205
6/22/17,1.165
6/23/17,1.23
6/26/17,1.245
6/27/17,1.253
6/28/17,1.244
6/29/17,1.2635
6/30/17,1.257
7/3/17,1.277
7/5/17,1.3
7/6/17,1.291
7/7/17,1.289
7/10/17,1.286
7/11/17,1.269
7/12/17,1.276
7/13/17,1.312
7/14/17,1.337
7/17/17,1.3355
7/18/17,1.349
7/19/17,1.358
7/20/17,1.35
7/21/17,1.3655
7/24/17,1.3255
7/25/17,1.306
7/26/17,1.348
7/27/17,1.3595
7/28/17,1.3785
7/31/17,1.3925
8/1/17,1.3785
8/2/17,1.4035
8/3/17,1.402
8/4/17,1.4015
8/7/17,1.4205
8/8/17,1.463
8/9/17,1.4615
8/10/17,1.42
8/11/17,1.4385
8/14/17,1.405
8/15/17,1.3555
8/16/17,1.345
8/17/17,1.3205
8/18/17,1.317
8/21/17,1.3015
8/22/17,1.291
8/23/17,1.287
8/24/17,1.279
8/25/17,1.314
8/28/17,1.3135
8/29/17,1.2865
8/30/17,1.282
8/31/17,1.2935
9/1/17,1.2905
9/4/17,1.2905
9/5/17,1.2785
9/6/17,1.279
9/7/17,1.2915
9/8/17,1.3065
9/11/17,1.3185
9/12/17,1.3505
9/13/17,1.3785
9/14/17,1.3765
9/15/17,1.414
9/18/17,1.4035
9/19/17,1.3535
9/20/17,1.3655
9/21/17,1.35
9/22/17,1.3445
9/25/17,1.3155
9/26/17,1.3225
9/27/17,1.2935
9/28/17,1.285
9/29/17,1.2805
10/2/17,1.272
10/3/17,1.2545
10/4/17,1.2515
10/5/17,1.272
10/6/17,1.3
10/9/17,1.3095
10/10/17,1.31
10/11/17,1.268
10/12/17,1.2635
10/13/17,1.2645
10/16/17,1.2375
10/17/17,1.2415
10/18/17,1.243
10/19/17,1.2685
10/20/17,1.2525
10/23/17,1.2435
10/24/17,1.232
10/25/17,1.241
10/26/17,1.2455
10/27/17,1.266
10/30/17,1.259
10/31/17,1.251
11/1/17,1.2295
11/2/17,1.264
11/3/17,1.2395
11/6/17,1.2555
11/7/17,1.247
11/8/17,1.2575
11/9/17,1.264
11/10/17,1.2755
11/13/17,1.276
11/14/17,1.2705
11/15/17,1.2675
11/16/17,1.267
11/17/17,1.238
11/20/17,1.229
11/21/17,1.2385
11/22/17,1.2455
11/24/17,1.248
11/27/17,1.2608
11/28/17,1.2841
11/29/17,1.3116
11/30/17,1.2806
12/1/17,1.2955
12/4/17,1.285
12/5/17,1.274
12/6/17,1.261
12/7/17,1.229
12/8/17,1.226
12/11/17,1.2
12/12/17,1.1845
12/13/17,1.201
12/14/17,1.203
12/15/17,1.2075
12/18/17,1.219
12/19/17,1.2175
12/20/17,1.2315
12/21/17,1.2225
12/22/17,1.204
12/26/17,1.222
12/27/17,1.245
12/28/17,1.248
12/29/17,1.262
1/2/18,1.302
1/3/18,1.286
1/4/18,1.2955
1/5/18,1.2845
1/8/18,1.2515
1/9/18,1.2515
1/10/18,1.2395
1/11/18,1.228
1/12/18,1.2225
1/16/18,1.2045
1/17/18,1.231
1/18/18,1.211
1/19/18,1.2125
1/22/18,1.2255
1/23/18,1.2095
1/24/18,1.225
1/25/18,1.2365
1/26/18,1.2515
1/29/18,1.2495
1/30/18,1.223
1/31/18,1.2185
2/1/18,1.214
2/2/18,1.204
2/5/18,1.198
2/6/18,1.2285
2/7/18,1.233
2/8/18,1.2285
2/9/18,1.2185
2/12/18,1.214
2/13/18,1.2275
2/14/18,1.228
2/15/18,1.2175
2/16/18,1.1795
2/20/18,1.182
2/21/18,1.1695
2/22/18,1.196
2/23/18,1.1976
2/26/18,1.2106
2/27/18,1.2064
2/28/18,1.2181
3/1/18,1.2395
3/2/18,1.222
3/5/18,1.211
3/6/18,1.2125
3/7/18,1.2075
3/8/18,1.203
3/9/18,1.2015
3/12/18,1.1945
3/13/18,1.2155
3/14/18,1.2105
3/15/18,1.1875
3/16/18,1.1805
3/19/18,1.1935
3/20/18,1.1895
3/21/18,1.1885
3/22/18,1.19
3/23/18,1.172
3/26/18,1.1815
3/27/18,1.1895
3/28/18,1.1775
3/29/18,1.1815
4/2/18,1.164
4/3/18,1.166
4/4/18,1.169
4/5/18,1.1755
4/6/18,1.1745
4/9/18,1.1865
4/10/18,1.176
4/11/18,1.1815
4/12/18,1.179
4/13/18,1.173
4/16/18,1.1425
4/17/18,1.1355
4/18/18,1.149
4/19/18,1.1425
4/20/18,1.1575
4/23/18,1.17
4/24/18,1.185
4/25/18,1.1724
4/26/18,1.1842
4/27/18,1.2158
4/30/18,1.2237
5/1/18,1.248
5/2/18,1.2375
5/3/18,1.2435
5/4/18,1.226
5/7/18,1.2075
5/8/18,1.196
5/9/18,1.1875
5/10/18,1.1955
5/11/18,1.194
5/14/18,1.176
5/15/18,1.1695
5/16/18,1.173
5/17/18,1.179
5/18/18,1.18
5/21/18,1.202
5/22/18,1.2085
5/23/18,1.1935
5/24/18,1.2055
5/25/18,1.204
5/29/18,1.2025
5/30/18,1.203
5/31/18,1.237
6/1/18,1.2275
6/4/18,1.215
6/5/18,1.1945
6/6/18,1.1825
6/7/18,1.157
6/8/18,1.1725
6/11/18,1.171
6/12/18,1.1735
6/13/18,1.1635
6/14/18,1.157
6/15/18,1.152
6/18/18,1.1445
6/19/18,1.141
6/20/18,1.1365
6/21/18,1.126
6/22/18,1.1385
6/25/18,1.1415
6/26/18,1.1538
6/27/18,1.1556
6/28/18,1.1431
6/29/18,1.1438
7/2/18,1.1165
7/3/18,1.119
7/5/18,1.0915
7/6/18,1.141
7/9/18,1.1505
7/10/18,1.148
7/11/18,1.1205
7/12/18,1.1155
7/13/18,1.099
7/16/18,1.103
7/17/18,1.0925
7/18/18,1.0815
7/19/18,1.088
7/20/18,1.1065
7/23/18,1.1165
7/24/18,1.1095
7/25/18,1.11
7/26/18,1.0955
7/27/18,1.1045
7/30/18,1.114
7/31/18,1.099
8/1/18,1.0805
8/2/18,1.067
8/3/18,1.0775
8/6/18,1.0875
8/7/18,1.0905
8/8/18,1.0785
8/9/18,1.0765
8/10/18,1.07
8/13/18,1.0625
8/14/18,1.0505
8/15/18,1.024
8/16/18,1.017
8/17/18,1.012
8/20/18,0.9725
8/21/18,0.9795
8/22/18,0.964
8/23/18,0.972
8/24/18,1.0055
8/27/18,1.0185
8/28/18,1.0001
8/29/18,1.0035
8/30/18,1.0117
8/31/18,1.0106
9/4/18,1.0145
9/5/18,1.038
9/6/18,1.022
9/7/18,1.0245
9/10/18,1.0125
9/11/18,1.0045
9/12/18,1.021
9/13/18,1.0065
9/14/18,0.997
9/17/18,0.973
9/18/18,0.9585
9/19/18,0.967
9/20/18,0.9975
9/21/18,0.999
9/24/18,0.985
9/25/18,0.971
9/26/18,0.9775
9/27/18,0.993
9/28/18,1.0245
10/1/18,1.022
10/2/18,1.0765
10/3/18,1.066
10/4/18,1.0695
10/5/18,1.0895
10/8/18,1.1185
10/9/18,1.1315
10/10/18,1.119
10/11/18,1.129
10/12/18,1.1655
10/15/18,1.1935
10/16/18,1.1765
10/17/18,1.2255
10/18/18,1.2205
10/19/18,1.221
10/22/18,1.1765
10/23/18,1.211
10/24/18,1.2025
10/25/18,1.2115
10/26/18,1.1965
10/29/18,1.1425
10/30/18,1.124
10/31/18,1.127
11/1/18,1.178
11/2/18,1.2005
11/5/18,1.171
11/6/18,1.1325
11/7/18,1.156
11/8/18,1.1665
11/9/18,1.1385
11/12/18,1.1015
11/13/18,1.092
11/14/18,1.1265
11/15/18,1.1005
11/16/18,1.126
11/19/18,1.1235
11/20/18,1.1065
11/21/18,1.103
11/23/18,1.0715
11/26/18,1.07
11/27/18,1.1026
11/28/18,1.1162
11/29/18,1.1078
11/30/18,1.0669
12/3/18,1.078
12/4/18,1.069
12/5/18,1.0595
12/6/18,1.0595
12/7/18,1.041
12/10/18,1.0515
12/11/18,1.0235
12/12/18,1.0305
12/13/18,1.041
12/14/18,1.0225
12/17/18,1.001
12/18/18,0.994
12/19/18,1.0085
12/20/18,1.025
12/21/18,0.997
12/24/18,1.022
12/26/18,1.039
12/27/18,1.0175
12/28/18,1.0095
12/31/18,1.0185
1/2/19,0.995
1/3/19,1.0215
1/4/19,1.016
1/7/19,1.0275
1/8/19,1.0505
1/9/19,1.053
1/10/19,1.0425
1/11/19,1.0385
1/14/19,1.0275
1/15/19,1.013
1/16/19,1.024
1/17/19,1.024
1/18/19,1.0495
1/22/19,1.0335
1/23/19,1.034
1/24/19,1.053
1/25/19,1.068
1/28/19,1.0265
1/29/19,1.026
1/30/19,1.021
1/31/19,1.059
2/1/19,1.037
2/4/19,1.056
2/5/19,1.0485
2/6/19,1.055
2/7/19,1.043
2/8/19,1.026
2/11/19,1.002
2/12/19,1.0045
2/13/19,0.989
2/14/19,0.9785
2/15/19,0.9795
2/19/19,0.972
2/20/19,0.9755
2/21/19,0.961
2/22/19,0.9645
2/25/19,0.9709
2/26/19,0.9485
2/27/19,0.9765
2/28/19,0.978
3/1/19,1.002
3/4/19,0.9735
3/5/19,0.9965
3/6/19,0.987
3/7/19,0.9685
3/8/19,0.985
3/11/19,0.972
3/12/19,0.96
3/13/19,0.9765
3/14/19,0.9715
3/15/19,0.978
3/18/19,0.9685
3/19/19,0.9665
3/20/19,0.9475
3/21/19,0.948
3/22/19,0.939
3/25/19,0.9425
3/26/19,0.9535
3/27/19,0.9385
3/28/19,0.94
3/29/19,0.945
4/1/19,0.921
4/2/19,0.9165
4/3/19,0.9535
4/4/19,0.953
4/5/19,0.932
4/8/19,0.9295
4/9/19,0.9365
4/10/19,0.9425
4/11/19,0.9025
4/12/19,0.904
4/15/19,0.914
4/16/19,0.905
4/17/19,0.8705
4/18/19,0.902
4/22/19,0.911
4/23/19,0.915
4/24/19,0.9045
4/25/19,0.9231
4/26/19,0.9326
4/29/19,0.9213
4/30/19,0.9289
5/1/19,0.911
5/2/19,0.9155
5/3/19,0.906
5/6/19,0.9015
5/7/19,0.88
5/8/19,0.8855
5/9/19,0.9085
5/10/19,0.908
5/13/19,0.896
5/14/19,0.9095
5/15/19,0.913
5/16/19,0.9165
5/17/19,0.89
5/20/19,0.899
5/21/19,0.929
5/22/19,0.9175
5/23/19,0.935
5/24/19,0.933
5/27/19,0.933
5/28/19,0.9605
5/29/19,0.995
5/30/19,1.0235
5/31/19,1.046
6/3/19,1.0375
6/4/19,1.0565
6/5/19,0.991
6/6/19,1.0205
6/7/19,1.0095
6/10/19,0.986
6/11/19,0.97
6/12/19,0.9905
6/13/19,0.9735
6/14/19,0.96
6/17/19,0.9605
6/18/19,0.943
6/19/19,0.9625
6/20/19,1.0105
6/21/19,0.998
6/24/19,1.02
6/25/19,1.0665
6/26/19,1.0536
6/27/19,1.0624
6/28/19,1.0921
7/1/19,1.1135
7/2/19,1.0965
7/3/19,1.1365
7/4/19,1.1365
7/5/19,1.111
7/8/19,1.064
7/9/19,1.0745
7/10/19,1.059
7/11/19,1.0695
7/12/19,1.0665
7/15/19,1.1025
7/16/19,1.0555
7/17/19,1.074
7/18/19,1.086
7/19/19,1.073
7/22/19,1.051
7/23/19,1.023
7/24/19,1.01
7/25/19,1.0065
7/26/19,0.9975
7/29/19,1.0115
7/30/19,0.995
7/31/19,0.9965
8/1/19,0.9725
8/2/19,0.9815
8/5/19,0.9565
8/6/19,0.9705
8/7/19,0.969
8/8/19,0.974
8/9/19,0.973
8/12/19,0.9375
8/13/19,0.9635
8/14/19,0.9445
8/15/19,0.9455
8/16/19,0.9285
8/19/19,0.9115
8/20/19,0.9145
8/21/19,0.9285
8/22/19,0.935
8/23/19,0.926
8/26/19,0.9415
8/27/19,0.9447
8/28/19,0.9554
8/29/19,0.9391
8/30/19,0.962
9/2/19,0.9685
9/3/19,0.9555
9/4/19,0.966
9/5/19,0.954
9/6/19,0.9705
9/9/19,0.9825
9/10/19,1.016
9/11/19,1.034
9/12/19,1.036
9/13/19,1.0275
9/16/19,1.043
9/17/19,1.0035
9/18/19,1.0035
9/19/19,0.9835
9/20/19,0.984
9/23/19,0.99
9/24/19,0.9915
9/25/19,1.0095
9/26/19,1.0085
9/27/19,1.009
9/30/19,1.0115
10/1/19,1.0135
10/2/19,1.006
10/3/19,1.0205
10/4/19,0.99
10/7/19,0.97
10/8/19,0.957
10/9/19,0.9545
10/10/19,0.935
10/11/19,0.937
10/14/19,0.9485
10/15/19,0.9445
10/16/19,0.9355
10/17/19,0.929
10/18/19,0.957
10/21/19,0.9635
10/22/19,0.989
10/23/19,0.9775
10/24/19,0.9645
10/25/19,0.9945
10/28/19,1.005
10/29/19,0.9895
10/30/19,0.9935
10/31/19,1.0195
11/1/19,1.04
11/4/19,1.0365
11/5/19,1.058
11/6/19,1.08
11/7/19,1.091
11/8/19,1.0945
11/11/19,1.06
11/12/19,1.056
11/13/19,1.0795
11/14/19,1.0805
11/15/19,1.0615
11/18/19,1.0555
11/19/19,1.027
11/20/19,1.097
11/21/19,1.1525
11/22/19,1.146
11/25/19,1.178
11/26/19,1.1593
11/27/19,1.1776
11/28/19,1.1799
11/29/19,1.1895
12/2/19,1.22
12/3/19,1.238
12/4/19,1.2125
12/5/19,1.2485
12/6/19,1.248
12/9/19,1.284
12/10/19,1.333
12/11/19,1.352
12/12/19,1.3725
12/13/19,1.309
12/16/19,1.3895
12/17/19,1.337
12/18/19,1.332
12/19/19,1.272
12/20/19,1.307
12/23/19,1.253
12/24/19,1.294
12/26/19,1.273
12/27/19,1.325
12/30/19,1.3215
12/31/19,1.297
1/2/20,1.271
1/3/20,1.2635
1/6/20,1.2215
1/7/20,1.224
1/8/20,1.1915
1/9/20,1.1735
1/10/20,1.1895
1/13/20,1.1455
1/14/20,1.149
1/15/20,1.143
1/16/20,1.1295
1/17/20,1.1215
1/20/20,1.1215
1/21/20,1.1105
1/22/20,1.11
1/23/20,1.126
1/24/20,1.1015
1/27/20,1.066
1/28/20,1.0505
1/29/20,1.0205
1/30/20,1.015
1/31/20,1.0265
2/3/20,0.979
2/4/20,0.9815
2/5/20,0.9775
2/6/20,0.9815
2/7/20,0.9835
2/10/20,1.003
2/11/20,1.005
2/12/20,1.0065
2/13/20,1.0445
2/14/20,1.091
2/17/20,1.091
2/18/20,1.0655
2/19/20,1.068
2/20/20,1.036
2/21/20,1.0885
2/24/20,1.059
2/25/20,1.0738
2/26/20,1.0972
2/27/20,1.0913
2/28/20,1.111
3/2/20,1.156
3/3/20,1.222
3/4/20,1.184
3/5/20,1.1135
3/6/20,1.074
3/9/20,1.092
3/10/20,1.1435
3/11/20,1.1205
3/12/20,1.0885
3/13/20,1.0675
3/16/20,1.039
3/17/20,1.026
3/18/20,1.083
3/19/20,1.127
3/20/20,1.197
3/23/20,1.2125
3/24/20,1.256
3/25/20,1.2995
3/26/20,1.2465
3/27/20,1.1585
3/30/20,1.193
3/31/20,1.1955
4/1/20,1.16
4/2/20,1.1935
4/3/20,1.149
4/6/20,1.1665
4/7/20,1.199
4/8/20,1.198
4/9/20,1.186
4/13/20,1.1975
4/14/20,1.172
4/15/20,1.202
4/16/20,1.186
4/17/20,1.1605
4/20/20,1.1365
4/21/20,1.0965
4/22/20,1.106
4/23/20,1.1105
4/24/20,1.052
4/27/20,1.0492
4/28/20,1.0646
4/29/20,1.0464
4/30/20,1.0597
5/1/20,1.061
5/4/20,1.072
5/5/20,1.1065
5/6/20,1.106
5/7/20,1.09
5/8/20,1.1165
5/11/20,1.1075
5/12/20,1.0735
5/13/20,1.0505
5/14/20,1.067
5/15/20,1.0685
5/18/20,1.0775
5/19/20,1.0705
5/20/20,1.0565
5/21/20,1.0475
5/22/20,1.036
5/25/20,1.036
5/26/20,1.051
5/27/20,1.025
5/28/20,0.991
5/29/20,0.963
6/1/20,0.983
6/2/20,0.982
6/3/20,0.991
6/4/20,0.9815
6/5/20,0.989
6/8/20,0.989
6/9/20,0.978
6/10/20,0.9675
6/11/20,0.96
6/12/20,0.952
6/15/20,0.94
6/16/20,0.9365
6/17/20,0.9625
6/18/20,0.946
6/19/20,0.9375
6/22/20,0.9595
6/23/20,0.9625
6/24/20,0.9665
6/25/20,0.9504
6/26/20,0.9605
6/29/20,0.9952
6/30/20,1.0081
7/1/20,1.04
7/2/20,1.032
7/6/20,0.9815
7/7/20,1.003
7/8/20,1
7/9/20,0.9875
7/10/20,0.974
7/13/20,0.9865
7/14/20,0.9795
7/15/20,0.972
7/16/20,0.9835
7/17/20,1.023
7/20/20,0.9975
7/21/20,1.0175
7/22/20,1.0835
7/23/20,1.075
7/24/20,1.084
7/27/20,1.104
7/28/20,1.0965
7/29/20,1.116
7/30/20,1.1535
7/31/20,1.1895
8/3/20,1.179
8/4/20,1.2105
8/5/20,1.2155
8/6/20,1.17
8/7/20,1.1545
8/10/20,1.126
8/11/20,1.1135
8/12/20,1.1205
8/13/20,1.162
8/14/20,1.147
8/17/20,1.1555
8/18/20,1.193
8/19/20,1.1845
8/20/20,1.1855
8/21/20,1.201
8/24/20,1.2025
8/25/20,1.232
8/26/20,1.2266
8/27/20,1.2271
8/28/20,1.2665
8/31/20,1.292
9/1/20,1.314
9/2/20,1.313
9/3/20,1.312
9/4/20,1.34
9/7/20,1.34
9/8/20,1.321
9/9/20,1.2885
9/10/20,1.317
9/11/20,1.3245
9/14/20,1.2305
9/15/20,1.218
9/16/20,1.1985
9/17/20,1.18
9/18/20,1.135
9/21/20,1.12
9/22/20,1.1065
9/23/20,1.105
9/24/20,1.1115
9/25/20,1.1365
9/28/20,1.0955
9/29/20,1.0955
9/30/20,1.1095
10/1/20,1.0705
10/2/20,1.0895
10/5/20,1.072
10/6/20,1.0765
10/7/20,1.096
10/8/20,1.1025
10/9/20,1.1155
10/12/20,1.0915
10/13/20,1.101
10/14/20,1.096
10/15/20,1.095
10/16/20,1.0725
10/19/20,1.0605
10/20/20,1.049
10/21/20,1.0415
10/22/20,1.067
10/23/20,1.056
10/26/20,1.0665
10/27/20,1.0695
10/28/20,1.05
10/29/20,1.046
10/30/20,1.044
11/2/20,1.028
11/3/20,1.0345
11/4/20,1.03
11/5/20,1.0595
11/6/20,1.0695
11/9/20,1.0685
11/10/20,1.073
11/11/20,1.091
11/12/20,1.101
11/13/20,1.0925
11/16/20,1.1565
11/17/20,1.162
11/18/20,1.1975
11/19/20,1.2065
11/20/20,1.155
11/23/20,1.1445
11/24/20,1.1315
11/25/20,1.1503
11/26/20,1.1556
11/27/20,1.232
11/30/20,1.2278
12/1/20,1.1845
12/2/20,1.191
12/3/20,1.2005
12/4/20,1.1755
12/7/20,1.191
12/8/20,1.1925
12/9/20,1.1705
12/10/20,1.2105
12/11/20,1.216
12/14/20,1.2615
12/15/20,1.2465
12/16/20,1.266
12/17/20,1.266
12/18/20,1.2525
12/21/20,1.243
12/22/20,1.242
12/23/20,1.2455
12/24/20,1.2595
12/28/20,1.2335
12/29/20,1.254
12/30/20,1.254
12/31/20,1.2825
1/4/21,1.2615
1/5/21,1.251
1/6/21,1.209
1/7/21,1.211
1/8/21,1.237
1/11/21,1.2145
1/12/21,1.214
1/13/21,1.2525
1/14/21,1.2735
1/15/21,1.2815
1/18/21,1.2815
1/19/21,1.2715
1/20/21,1.252
1/21/21,1.2645
1/22/21,1.2405
1/25/21,1.2325
1/26/21,1.245
1/27/21,1.255
1/28/21,1.24
1/29/21,1.2295
2/1/21,1.2535
2/2/21,1.234
2/3/21,1.2395
2/4/21,1.2405
2/5/21,1.245
2/8/21,1.241
2/9/21,1.2295
2/10/21,1.211
2/11/21,1.212
2/12/21,1.2115
2/15/21,1.2115
2/16/21,1.2435
2/17/21,1.257
2/18/21,1.276
2/19/21,1.275
2/22/21,1.3345
2/23/21,1.3714
2/24/21,1.3629
2/25/21,1.3971
2/26/21,1.3737
3/1/21,1.358
3/2/21,1.3385
3/3/21,1.328
3/4/21,1.3215
3/5/21,1.2885
3/8/21,1.2915
3/9/21,1.304
3/10/21,1.3085
3/11/21,1.3235
3/12/21,1.33
3/15/21,1.321
3/16/21,1.345
3/17/21,1.3355
3/18/21,1.2995
3/19/21,1.29
3/22/21,1.301
3/23/21,1.276
3/24/21,1.265
3/25/21,1.266
3/26/21,1.285
3/29/21,1.2705
3/30/21,1.226
3/31/21,1.235
4/1/21,1.216
4/5/21,1.221
4/6/21,1.2685
4/7/21,1.2675
4/8/21,1.2785
4/9/21,1.2725
4/12/21,1.281
4/13/21,1.3005
4/14/21,1.321
4/15/21,1.327
4/16/21,1.2915
4/19/21,1.2985
4/20/21,1.3245
4/21/21,1.322
4/22/21,1.343
4/23/21,1.3685
4/26/21,1.4175
4/27/21,1.4466
4/28/21,1.4492
4/29/21,1.4236
4/30/21,1.4115
5/3/21,1.4025
5/4/21,1.4035
5/5/21,1.4985
5/6/21,1.543
5/7/21,1.529
5/10/21,1.4805
5/11/21,1.501
5/12/21,1.465
5/13/21,1.464
5/14/21,1.45
5/17/21,1.4575
5/18/21,1.528
5/19/21,1.5095
5/20/21,1.5095
5/21/21,1.501
5/24/21,1.49
5/25/21,1.505
5/26/21,1.557
5/27/21,1.5535
5/28/21,1.6235
5/31/21,1.6235
6/1/21,1.6105
6/2/21,1.6115
6/3/21,1.576
6/4/21,1.6165
6/7/21,1.6015
6/8/21,1.577
6/9/21,1.572
6/10/21,1.587
6/11/21,1.5745
6/14/21,1.541
6/15/21,1.512
6/16/21,1.5335
6/17/21,1.4955
6/18/21,1.499
6/21/21,1.5235
6/22/21,1.5125
6/23/21,1.5315
6/24/21,1.524
6/25/21,1.5736
6/28/21,1.6243
6/29/21,1.6
6/30/21,1.5967
7/1/21,1.564
7/2/21,1.5305
7/5/21,1.5305
7/6/21,1.481
7/7/21,1.4995
7/8/21,1.5225
7/9/21,1.515
7/12/21,1.54
7/13/21,1.5225
7/14/21,1.566
7/15/21,1.5705
7/16/21,1.6135
7/19/21,1.564
7/20/21,1.668
7/21/21,1.76
7/22/21,1.9365
7/23/21,1.89
7/26/21,2.078
7/27/21,2.0175
7/28/21,2.0045
7/29/21,1.965
7/30/21,1.7955
8/2/21,1.728
8/3/21,1.7485
8/4/21,1.7565
8/5/21,1.769
8/6/21,1.76
8/9/21,1.7935
8/10/21,1.82
8/11/21,1.8385
8/12/21,1.8655
8/13/21,1.8275
8/16/21,1.832
8/17/21,1.7895
8/18/21,1.797
8/19/21,1.782
8/20/21,1.7825
8/23/21,1.7995
8/24/21,1.833
8/25/21,1.8405
8/26/21,1.8612
8/27/21,1.9058
8/30/21,1.989
8/31/21,1.9541
9/1/21,1.9565
9/2/21,1.9435
9/3/21,1.93
9/6/21,1.93
9/7/21,1.9395
9/8/21,1.902
9/9/21,1.8745
9/10/21,1.8805
9/13/21,1.868
9/14/21,1.8545
9/15/21,1.8735
9/16/21,1.8815
9/17/21,1.864
9/20/21,1.826
9/21/21,1.8335
9/22/21,1.8485
9/23/21,1.906
9/24/21,1.9435
9/27/21,1.9365
9/28/21,1.986
9/29/21,1.934
9/30/21,1.94
10/1/21,2.0405
10/4/21,2.0035
10/5/21,1.919
10/6/21,1.9345
10/7/21,1.979
10/8/21,2.0135
10/11/21,2.0425
10/12/21,2.1315
10/13/21,2.0865
10/14/21,2.0925
10/15/21,2.034
10/18/21,2.016
10/19/21,2.0425
10/20/21,2.0555
10/21/21,2.033
10/22/21,1.9985
10/25/21,2.0255
10/26/21,2.081
10/27/21,2.0135
10/28/21,1.9995
10/29/21,2.0395
11/1/21,2.087
11/2/21,2.0805
11/3/21,2.093
11/4/21,2.086
11/5/21,2.0355
11/8/21,1.9965
11/9/21,2.059
11/10/21,2.04
11/11/21,2.109
11/12/21,2.197
11/15/21,2.2275
11/16/21,2.2205
11/17/21,2.326
11/18/21,2.2895
11/19/21,2.333
11/22/21,2.3135
11/23/21,2.4255
11/24/21,2.463
11/25/21,2.4612
11/26/21,2.4349
11/29/21,2.3334
11/30/21,2.3249
12/1/21,2.3325
12/2/21,2.366
12/3/21,2.4335
12/6/21,2.4985
12/7/21,2.433
12/8/21,2.442
12/9/21,2.402
12/10/21,2.326
12/13/21,2.367
12/14/21,2.3715
12/15/21,2.373
12/16/21,2.3685
12/17/21,2.3475
12/20/21,2.241
12/21/21,2.2825
12/22/21,2.3355
12/23/21,2.312
12/24/21,2.312
12/27/21,2.2705
12/28/21,2.256
12/29/21,2.289
12/30/21,2.2885
12/31/21,2.261
1/3/22,2.233
1/4/22,2.3175
1/5/22,2.3175
1/6/22,2.317
1/7/22,2.3845
1/10/22,2.349
1/11/22,2.3705
1/12/22,2.4085
1/13/22,2.37
1/14/22,2.3965
1/17/22,2.3965
1/18/22,2.396
1/19/22,2.4445
1/20/22,2.4365
1/21/22,2.379
1/24/22,2.3295
1/25/22,2.379
1/26/22,2.389
1/27/22,2.3205
1/28/22,2.359
1/31/22,2.351
2/1/22,2.367
2/2/22,2.388
2/3/22,2.439
2/4/22,2.4185
2/7/22,2.4165
2/8/22,2.4895
2/9/22,2.5835
2/10/22,2.552
2/11/22,2.5165
2/14/22,2.4755
2/15/22,2.5185
2/16/22,2.5225
2/17/22,2.515
2/18/22,2.4685
2/21/22,2.4685
2/22/22,2.4845
2/23/22,2.4839
2/24/22,2.3877
2/25/22,2.3921
2/28/22,2.3317
3/1/22,2.36
3/2/22,2.292
3/3/22,2.229
3/4/22,2.2425
3/7/22,2.2425
3/8/22,2.329
3/9/22,2.293
3/10/22,2.242
3/11/22,2.2195
3/14/22,2.188
3/15/22,2.1115
3/16/22,2.175
3/17/22,2.161
3/18/22,2.2005
3/21/22,2.2465
3/22/22,2.2505
3/23/22,2.253
3/24/22,2.2185
3/25/22,2.2185
3/28/22,2.1455
3/29/22,2.157
3/30/22,2.2185
3/31/22,2.264
4/1/22,2.284
4/4/22,2.306
4/5/22,2.313
4/6/22,2.276
4/7/22,2.2615
4/8/22,2.3165
4/11/22,2.366
4/12/22,2.336
4/13/22,2.2505
4/14/22,2.236
4/18/22,2.235
4/19/22,2.213
4/20/22,2.188
4/21/22,2.2815
4/22/22,2.273
4/25/22,2.208
4/26/22,2.2135
4/27/22,2.1579
4/28/22,2.1772
4/29/22,2.2219
5/2/22,2.159
5/3/22,2.1795
5/4/22,2.208
5/5/22,2.1725
5/6/22,2.1045
5/9/22,2.061
5/10/22,2.038
5/11/22,2.199
5/12/22,2.153
5/13/22,2.139
5/16/22,2.248
5/17/22,2.272
5/18/22,2.176
5/19/22,2.187
5/20/22,2.1585
5/23/22,2.1575
5/24/22,2.1365
5/25/22,2.1705
5/26/22,2.266
5/27/22,2.2945
5/30/22,2.2945
5/31/22,2.3125
6/1/22,2.3945
6/2/22,2.3825
6/3/22,2.324
6/6/22,2.3755
6/7/22,2.3215
6/8/22,2.3185
6/9/22,2.3465
6/10/22,2.289
6/13/22,2.2335
6/14/22,2.2695
6/15/22,2.285
6/16/22,2.3195
6/17/22,2.2765
6/20/22,2.2765
6/21/22,2.331
6/22/22,2.386
6/23/22,2.3245
6/24/22,2.266
6/27/22,2.268
6/28/22,2.2478
6/29/22,2.2279
6/30/22,2.328
7/1/22,2.3381
7/4/22,2.279
7/5/22,2.2792
7/6/22,2.2487
7/7/22,2.2186
7/8/22,2.259
7/11/22,2.1988
7/12/22,2.2286
7/13/22,2.0891
7/14/22,2.0991
7/15/22,2.0987
7/18/22,2.0996
7/19/22,2.16
7/20/22,2.17
7/21/22,2.16
7/22/22,2.06
7/25/22,2.09
7/26/22,2.13
7/27/22,2.17
7/28/22,2.19
7/29/22,2.18
8/1/22,2.13
8/2/22,2.09
8/3/22,2.15
8/4/22,2.2
8/5/22,2.09
8/8/22,2.12
8/9/22,2.13
8/10/22,2.21
8/11/22,2.24
8/12/22,2.28
8/15/22,2.26
8/16/22,2.19
8/17/22,2.18
8/18/22,2.15
8/19/22,2.16
8/22/22,2.22
8/23/22,2.32
8/24/22,2.42
8/25/22,2.43
8/26/22,2.43
8/29/22,2.41
8/30/22,2.39
8/31/22,2.4
9/1/22,2.37
9/2/22,2.32
9/5/22,2.32
9/6/22,2.34
9/7/22,2.27
9/8/22,2.26
9/9/22,2.3
9/12/22,2.28
9/13/22,2.22
9/14/22,2.17
9/15/22,2.19
9/16/22,2.16
9/19/22,2.16
9/20/22,2.16
9/21/22,2.21
9/22/22,2.24
9/23/22,2.2
9/26/22,2.22
9/27/22,2.24
9/28/22,2.28
9/29/22,2.26
9/30/22,2.21
10/3/22,2.16
10/4/22,2.18
10/5/22,2.25
10/6/22,2.17
10/7/22,2.17
10/10/22,2.17
10/11/22,2.17
10/12/22,2.09
10/13/22,2.02
10/14/22,1.97
10/17/22,1.96
10/18/22,1.95
10/19/22,1.91
10/20/22,1.88
10/21/22,1.89
10/24/22,1.92
10/25/22,1.84
10/26/22,1.8
10/27/22,1.78
10/28/22,1.72
10/31/22,1.77
11/1/22,1.75
11/2/22,1.82
11/3/22,1.73
11/4/22,1.76
11/7/22,1.72
11/8/22,1.66
11/9/22,1.65
11/10/22,1.7
11/11/22,1.69
11/14/22,1.66
11/15/22,1.58
11/16/22,1.55
11/17/22,1.52
11/18/22,1.52
11/21/22,1.58
11/22/22,1.62
11/23/22,1.6
11/24/22,1.6
11/25/22,1.62
11/28/22,1.61
11/29/22,1.61
11/30/22,1.68
12/1/22,1.7
12/2/22,1.61
12/5/22,1.61
12/6/22,1.61
12/7/22,1.61
12/8/22,1.57
12/9/22,1.57
12/12/22,1.55
12/13/22,1.65
12/14/22,1.69
12/15/22,1.69
12/16/22,1.69
12/19/22,1.69
12/20/22,1.69
12/21/22,1.69
12/22/22,1.69
12/23/22,1.72
12/26/22,1.72
12/27/22,1.67
12/28/22,1.74
12/29/22,1.7
12/30/22,1.67
1/2/23,1.67
1/3/23,1.66
1/4/23,1.61
1/5/23,1.6
1/6/23,1.58
1/9/23,1.57
1/10/23,1.49
1/11/23,1.43
1/12/23,1.5
1/13/23,1.51
1/16/23,1.51
1/17/23,1.51
1/18/23,1.54
1/19/23,1.55
1/20/23,1.54
1/23/23,1.59
1/24/23,1.6015
1/25/23,1.627
1/26/23,1.6709
1/27/23,1.6908
1/30/23,1.7053
1/31/23,1.8129
2/1/23,1.7671
2/2/23,1.7827
2/3/23,1.7378
2/6/23,1.7621
2/7/23,1.7705
2/8/23,1.7608
2/9/23,1.7428
2/10/23,1.7461
2/13/23,1.7727
2/14/23,1.8179
2/15/23,1.7678
2/16/23,1.8038
2/17/23,1.8567
2/20/23,1.8567
2/21/23,1.9039
2/22/23,1.9264
2/23/23,1.8966
2/24/23,1.8698
2/27/23,1.8635
2/28/23,1.8477
3/1/23,1.8353
3/2/23,1.807
3/3/23,1.7782
3/6/23,1.7959
3/7/23,1.8183
3/8/23,1.7623
3/9/23,1.7496
3/10/23,1.768
3/13/23,1.7839
3/14/23,1.7511
3/15/23,1.7244
3/16/23,1.7899
3/17/23,1.7601
3/20/23,1.7766
3/21/23,1.7943
3/22/23,1.7669
3/23/23,1.7399
3/24/23,1.7861
3/27/23,1.7579
3/28/23,1.7336
3/29/23,1.6926
3/30/23,1.6931
3/31/23,1.6971
4/3/23,1.7475
4/4/23,1.7442
4/5/23,1.7903
4/6/23,1.8241
4/7/23,1.8241
4/10/23,1.8076
4/11/23,1.8736
4/12/23,1.8818
4/13/23,1.9535
4/14/23,1.929
4/17/23,1.9868
4/18/23,2.0127
4/19/23,1.989
4/20/23,1.9392
4/21/23,1.9114
4/28/23,1.8512
5/1/23,1.8417
5/2/23,1.856
5/3/23,1.8358
5/4/23,1.8284
5/5/23,1.8703
5/8/23,1.8337
5/9/23,1.8578
5/10/23,1.8457
5/11/23,1.8137
5/12/23,1.8141
5/15/23,1.8681
5/16/23,1.8505
5/17/23,1.8508
5/18/23,1.8475
5/19/23,1.8925
5/22/23,1.877
5/23/23,1.8627
5/24/23,1.862
5/25/23,1.8445
5/26/23,1.8445
5/29/23,1.8445
5/30/23,1.7539
5/31/23,1.7648
6/1/23,1.8169
6/2/23,1.7841
6/5/23,1.803
6/6/23,1.812
6/7/23,1.8271
6/8/23,1.917
6/9/23,1.8794
6/12/23,1.8199
6/13/23,1.7857
6/14/23,1.7959
6/15/23,1.833
6/16/23,1.8134
6/19/23,1.8134
6/20/23,1.7619
6/21/23,1.7174
6/22/23,1.696
6/23/23,1.6404
6/26/23,1.6415
6/27/23,1.6577
6/28/23,1.61
6/29/23,1.6159
6/30/23,1.587
7/3/23,1.6018
7/4/23,1.6018
7/5/23,1.5791
7/6/23,1.6011
7/7/23,1.5937
7/10/23,1.5985
7/11/23,1.571
7/12/23,1.5711
7/13/23,1.5795
7/14/23,1.5918
7/17/23,1.5483
7/18/23,1.5563
7/19/23,1.5567
7/20/23,1.5849
7/21/23,1.6053
7/24/23,1.6306
7/25/23,1.6176
7/26/23,1.6337
7/27/23,1.6104
7/28/23,1.5839
7/31/23,1.6537
8/1/23,1.6458
8/2/23,1.6618
8/3/23,1.634
8/4/23,1.6078
8/7/23,1.625
8/8/23,1.6072
8/9/23,1.5955
8/10/23,1.5897
8/11/23,1.57
8/14/23,1.5171
8/15/23,1.5137
8/16/23,1.5003
8/17/23,1.4784
8/18/23,1.5023
8/21/23,1.5027
8/22/23,1.5069
8/23/23,1.5392
8/24/23,1.5363
8/25/23,1.5184
8/28/23,1.5275
8/29/23,1.5308
8/30/23,1.5512
8/31/23,1.5431
9/1/23,1.516
9/4/23,1.516
9/5/23,1.5348
9/6/23,1.5315
9/7/23,1.504
9/8/23,1.481
9/11/23,1.5278
9/12/23,1.5249
9/13/23,1.5168
9/14/23,1.5384
9/15/23,1.5923
9/18/23,1.6066
9/19/23,1.6122
9/20/23,1.5872
9/21/23,1.5517
9/22/23,1.5033
9/25/23,1.484
9/26/23,1.5033
9/27/23,1.4894
9/28/23,1.4719
9/29/23,1.4544
10/2/23,1.4922
10/3/23,1.4897
10/4/23,1.4636
10/5/23,1.4543
10/6/23,1.4601
10/9/23,1.4668
10/10/23,1.477
10/11/23,1.4813
10/12/23,1.4935
10/13/23,1.5494
10/16/23,1.5425
10/17/23,1.5655
10/18/23,1.5775
10/19/23,1.6208
10/20/23,1.6456
10/23/23,1.6541
10/24/23,1.6766
10/25/23,1.6104
10/26/23,1.6089
10/27/23,1.5985
10/30/23,1.5822
10/31/23,1.6453
11/1/23,1.5948
11/2/23,1.637
11/3/23,1.6918
11/6/23,1.7189
11/7/23,1.6994
11/8/23,1.7262
11/9/23,1.7419
11/10/23,1.692
11/13/23,1.737
11/14/23,1.7166
11/15/23,1.7615
11/16/23,1.7119
11/17/23,1.6694
11/20/23,1.7003
11/24/23,1.6793
11/27/23,1.6775
11/28/23,1.6943
11/29/23,1.7209
11/30/23,1.7239
12/1/23,1.8511
12/4/23,1.8328
12/5/23,1.7993
12/6/23,1.8276
12/7/23,1.7802
12/8/23,1.7726
12/11/23,1.8346
12/12/23,1.8562
12/13/23,1.8828
12/14/23,1.8898
12/15/23,1.8903
12/18/23,1.9257
12/19/23,2.0165
12/20/23,1.9049
12/21/23,1.9218
12/22/23,1.9218
12/25/23,1.9218
12/26/23,1.9218
12/27/23,1.9596
12/28/23,1.9611
12/29/23,1.9611
1/1/24,1.9611
1/2/24,1.8957
1/3/24,1.8527
1/4/24,1.8473
1/5/24,1.8103
1/8/24,1.8215
1/9/24,1.8351
1/10/24,1.7973
1/11/24,1.8127
1/12/24,1.7832
1/15/24,1.7832
1/16/24,1.829
1/17/24,1.7727
1/18/24,1.7961
1/19/24,1.822
1/22/24,1.8897
1/23/24,1.857
1/24/24,1.8641
1/25/24,1.8478
1/26/24,1.8958
1/29/24,1.8737
1/30/24,1.9213
1/31/24,1.9125
2/1/24,1.9415
2/2/24,1.9115
2/5/24,1.887
2/6/24,1.882
2/7/24,1.904
2/8/24,1.9
2/9/24,1.9605
2/12/24,1.949
2/13/24,1.925
2/14/24,1.88
2/15/24,1.9025
2/16/24,1.904
2/19/24,1.904
2/20/24,1.9795
2/21/24,1.986
2/22/24,1.938
2/23/24,1.9075
2/26/24,1.9
2/27/24,1.9245
2/28/24,1.934
2/29/24,1.9585
3/1/24,1.92
3/4/24,1.994
3/5/24,1.958
3/6/24,1.949
3/7/24,1.9445
3/8/24,1.91
3/11/24,1.9435
3/12/24,1.954
3/13/24,1.9165
3/14/24,1.9135
3/15/24,1.9135
3/18/24,1.8175
3/19/24,1.8305
3/20/24,1.824
3/21/24,1.857
3/22/24,1.8505
3/25/24,1.8565
3/26/24,1.8805
3/27/24,1.9065
3/28/24,1.8845
3/29/24,1.8845
4/1/24,1.918
4/2/24,1.9735
4/3/24,2.036
4/4/24,2.0675
4/5/24,2.135
4/8/24,2.111
4/9/24,2.1355
4/10/24,2.1465
4/11/24,2.1465
4/12/24,2.2035
4/15/24,2.2465
4/16/24,2.3155
4/17/24,2.3675
4/18/24,2.4795
4/19/24,2.3985
4/22/24,2.414
4/23/24,2.3165
4/24/24,2.2465
4/25/24,2.276
4/26/24,2.309
4/29/24,2.325
4/30/24,2.1775
5/1/24,2.2
5/2/24,2.18
5/3/24,2.075
5/6/24,2.01
5/7/24,1.966
5/8/24,2.002
5/9/24,2.054
5/10/24,2.054
5/13/24,2
5/14/24,1.99
5/15/24,2.023
5/16/24,2.023
5/17/24,2.023
5/20/24,2.023
5/21/24,2.1815
5/22/24,2.204
5/23/24,2.158
5/24/24,2.1825
5/27/24,2.1825
5/28/24,2.296
5/29/24,2.298
5/30/24,2.337
5/31/24,2.208
6/3/24,2.2625
6/4/24,2.3135
6/5/24,2.32
6/6/24,2.32
6/7/24,2.332
6/10/24,2.221
6/11/24,2.1885
6/12/24,2.237
6/13/24,2.257
6/14/24,2.2615
6/17/24,2.2605
6/18/24,2.2645
6/19/24,2.2645
6/20/24,2.315
6/21/24,2.2695
6/24/24,2.2695
6/25/24,2.31
6/26/24,2.2615
6/27/24,2.2935
6/28/24,2.29
7/1/24,2.2435
7/2/24,2.2435
7/3/24,2.2805
7/4/24,2.2805
7/5/24,2.2805
7/8/24,2.367
7/9/24,2.367
7/10/24,2.481
7/11/24,2.471
7/12/24,2.471
7/15/24,2.485
7/16/24,2.485
7/17/24,2.485
7/18/24,2.485
7/19/24,2.3835
7/22/24,2.4305
7/23/24,2.389
7/24/24,2.307
7/25/24,2.3265
7/26/24,2.306
7/29/24,2.301
7/30/24,2.305
7/31/24,2.305
8/1/24,2.2695
8/2/24,2.2995
8/5/24,2.275
8/6/24,2.275
8/7/24,2.36
8/8/24,2.4565
8/9/24,2.3295
8/12/24,2.422
8/13/24,2.422
8/14/24,2.3265
8/15/24,2.396
8/16/24,2.396
8/19/24,2.454
8/20/24,2.465
8/21/24,2.5095
8/22/24,2.472
8/23/24,2.506
8/26/24,2.506
8/27/24,2.6025
8/28/24,2.6025
8/29/24,2.507
8/30/24,2.555
9/2/24,2.555
9/3/24,2.4665
9/4/24,2.461
9/5/24,2.461
9/6/24,2.4
9/9/24,2.4
9/10/24,2.4
9/11/24,2.4785
9/12/24,2.4785
9/13/24,2.6175
9/16/24,2.6175
9/17/24,2.6505
9/18/24,2.657
9/19/24,2.626
9/20/24,2.524
9/23/24,2.6335
9/24/24,2.6335
9/25/24,2.6635
9/26/24,2.6865
9/27/24,2.6935
9/30/24,2.6935
10/1/24,2.721
10/2/24,2.564
10/3/24,2.5425
10/4/24,2.55
10/7/24,2.55
10/8/24,2.4685
10/9/24,2.4915
10/10/24,2.4915
10/11/24,2.525
10/14/24,2.614
10/15/24,2.563
10/16/24,2.563
10/17/24,2.5705
10/18/24,2.5365
10/21/24,2.521
10/22/24,2.521
10/23/24,2.519
10/24/24,2.447
10/25/24,2.447
10/28/24,0
10/29/24,2.4805
10/30/24,2.495
10/31/24,2.4605
11/1/24,2.426
11/4/24,2.458
11/5/24,2.51
11/6/24,2.494
11/7/24,2.5875
11/8/24,2.539
11/11/24,2.563
11/12/24,2.563
11/13/24,2.726
11/14/24,2.785
11/15/24,2.833
11/18/24,2.8205
11/19/24,2.8205
11/20/24,2.871
11/21/24,2.9785
11/22/24,3.055
11/25/24,3.055
11/26/24,3.12
11/27/24,3.288
11/28/24,3.288
11/29/24,3.2605
12/2/24,2.9765
12/3/24,3.0345
12/4/24,3.058
12/5/24,3.1245
12/6/24,3.1245
12/9/24,3.1245
12/10/24,3.3565
12/11/24,3.4735
12/12/24,3.1706
12/13/24,3.1706
12/16/24,3.2417
12/17/24,3.2661
12/18/24,3.2661
12/19/24,3.3398
12/20/24,3.2332
12/23/24,3.2573
12/24/24,3.294
12/25/24,3.2956
12/26/24,3.2267
12/27/24,3.2176
12/30/24,3.1866
12/31/24,3.2049
1/1/25,3.2083
1/2/25,3.2083
1/3/25,3.246
1/6/25,3.1866
1/7/25,3.1984
1/8/25,3.1984
1/9/25,3.2063
1/10/25,3.2493
1/13/25,3.2543
1/14/25,3.2543
1/15/25,3.3058
1/16/25,3.3058
1/17/25,3.2719
1/20/25,3.2719
1/21/25,3.2877
1/22/25,3.4275
1/23/25,3.4514
1/24/25,3.4666
1/27/25,3.5093
1/28/25,3.5093
1/29/25,3.5773
1/30/25,3.6459
1/31/25,3.7764
2/3/25,3.8449
2/4/25,3.8353
2/5/25,3.9993
2/6/25,4.1176
2/7/25,4.1176
2/10/25,4.3173
2/11/25,4.3004
2/12/25,4.3004
2/13/25,4.3356
2/14/25,4.1968
2/17/25,4.1968
2/18/25,4.2224
2/19/25,4.2219
2/20/25,3.9713
2/21/25,3.9534
2/24/25,3.9534
2/25/25,3.7722
2/26/25,3.749
2/27/25,3.7693
2/28/25,3.7693
3/3/25,3.8885
3/4/25,4.053
3/5/25,4.1333
3/6/25,4.1333
3/7/25,3.925
3/10/25,3.8692
3/11/25,3.9728
3/12/25,3.9082
3/13/25,3.8905
3/14/25,3.8104
3/17/25,3.8104
3/18/25,3.8662
3/19/25,3.9066
3/20/25,3.9066
3/21/25,3.898
3/24/25,3.9387
3/25/25,3.9833
3/26/25,3.9833
3/27/25,3.7899
3/28/25,3.796
3/31/25,3.796
4/1/25,3.8941
4/2/25,3.8941
4/3/25,3.8635
4/4/25,3.6663
4/7/25,3.4032
4/8/25,3.4032
4/9/25,3.5304
4/10/25,3.4315
4/11/25,3.6002
4/14/25,3.6145
4/15/25,3.6834
4/16/25,3.7686
4/17/25,3.7629
4/18/25,3.7677
4/21/25,3.6686
4/22/25,3.7919
4/23/25,3.8603
4/24/25,3.8603
4/25/25,4.0586
4/28/25,4.1492
4/29/25,4.0683
4/30/25,4.0683
5/1/25,4.0683
5/2/25,3.9021
5/5/25,3.9637
5/6/25,3.9963
5/7/25,3.9504
5/8/25,3.9652
5/9/25,3.9652
5/12/25,3.8246
5/13/25,3.8246
5/14/25,3.7422
5/15/25,3.8281
5/16/25,3.7459
5/19/25,3.7498
5/20/25,3.6896
5/21/25,3.6866
5/22/25,3.61
5/23/25,3.61
5/26/25,3.5983
5/27/25,3.6006
5/28/25,3.5156
5/29/25,3.4194
5/30/25,3.4194
6/2/25,3.4318
6/3/25,3.3985
6/4/25,3.4546
6/5/25,3.5783
6/6/25,3.5747
6/9/25,3.5494
6/10/25,3.5494
6/11/25,3.4964
6/12/25,3.4629
6/13/25,3.4629
6/16/25,3.45
6/17/25,3.348
6/18/25,3.1713
6/19/25,3.1713
6/20/25,3.1868
6/23/25,3.2786
6/24/25,3.2786
6/25/25,3.1694
6/26/25,3.0614
6/27/25,3.0733
6/30/25,3.0733
7/1/25,3.0351
7/2/25,2.9489
7/3/25,2.9561
7/4/25,2.888
7/7/25,2.888
7/8/25,2.7868
7/9/25,2.8511
7/10/25,2.8601
7/11/25,2.88
7/14/25,2.8872
7/15/25,3.0609
7/16/25,3.0106
7/17/25,3.1085
7/18/25,3.1278
7/21/25,3.0527
7/22/25,2.9188
7/23/25,2.9576
7/24/25,2.996
7/25/25,3.0491
7/28/25,2.9765
7/29/25,3.0086
7/30/25,2.9741
7/31/25,2.9265
8/1/25,2.9459
8/4/25,2.8991
8/5/25,2.8991
8/6/25,2.9773
8/7/25,2.9446
8/8/25,2.9713
8/11/25,3.1982
8/12/25,3.1982
8/13/25,3.1571
8/14/25,3.1893
8/15/25,3.2594
8/18/25,3.4355
8/19/25,3.4467
8/20/25,3.5873
8/21/25,3.7613
8/22/25,3.7613
8/25/25,3.8865
8/26/25,3.9213
8/27/25,3.8037
8/28/25,3.9295
8/29/25,3.8527
9/1/25,3.9301
9/2/25,3.9807
9/3/25,3.8401
9/4/25,3.8401
9/5/25,3.8494
9/8/25,3.9012
9/9/25,3.9541
9/10/25,3.9229
9/11/25,3.9744
9/12/25,3.973
9/15/25,4.2706
9/16/25,4.2706
9/17/25,4.1384
9/18/25,3.8213
9/19/25,3.8039
9/22/25,3.653
9/23/25,3.6827
9/24/25,3.5203
9/25/25,3.6843
9/26/25,3.7121
9/29/25,3.7885
9/30/25,3.717
10/1/25,3.7393
10/2/25,3.8448
10/3/25,3.797
10/6/25,3.8835
10/7/25,3.8146
10/8/25,3.7491
10/9/25,3.7705
10/10/25,3.7705
10/13/25,3.7393
10/14/25,3.9997
10/15/25,3.9997
10/16/25,3.902
10/17/25,3.9227
10/20/25,3.969
10/21/25,4.0527
10/22/25,4.146
10/23/25,4.2368
10/24/25,4.0974
10/27/25,4.0005
10/28/25,3.8866
10/29/25,3.9147
10/30/25,3.921
10/31/25,3.9279
11/3/25,4.088
11/4/25,4.0517
11/5/25,4.1579
11/6/25,3.9623
11/7/25,4.1151
11/10/25,4.1591
11/11/25,4.2361
11/12/25,4.0165
11/13/25,3.9919
11/14/25,4.0114
11/17/25,4.0341
11/18/25,4.0187
11/19/25,4.0605
11/20/25,4.0581
11/21/25,4.0314
11/24/25,4.0831
11/25/25,4.1241
11/26/25,4.1147
11/27/25,4.116
11/28/25,4.1011
12/1/25,4.1238
12/2/25,4.0385
12/3/25,4.0357
12/4/25,4.1014
12/5/25,4.0434
12/8/25,3.9691
12/9/25,3.9392
12/10/25,3.9248
12/11/25,4.0175
12/12/25,3.973
12/15/25,3.8525
12/16/25,3.7588
12/17/25,3.4707
12/18/25,3.4476
12/19/25,3.4102
12/22/25,3.4823
12/23/25,3.4657
12/24/25,3.4497
12/25/25,3.451
12/26/25,3.4836
12/29/25,3.5115
12/30/25,3.5051
12/31/25,3.4844
1/1/26,3.4845
1/2/26,3.5511
1/5/26,3.5894
1/6/26,3.7208
1/7/26,3.7434
1/8/26,3.7249
1/9/26,3.5594
1/12/26,3.5578
1/13/26,3.6061
1/14/26,3.5566
1/15/26,3.5857
1/16/26,3.5482
1/19/26,3.552
1/20/26,3.4556
1/21/26,3.4698
1/22/26,3.4788
1/23/26,3.5153
1/26/26,3.5686
1/27/26,3.696
1/28/26,3.5103
1/29/26,3.4492
1/30/26,3.3337
2/2/26,3.3536
2/3/26,3.1538
2/4/26,3.0984
2/5/26,3.0765
2/6/26,2.94
2/9/26,2.9907
2/10/26,2.939
2/11/26,2.9238
2/12/26,2.9895
2/13/26,2.9638
2/16/26,2.9623
2/17/26,2.8355
2/18/26,2.8506
2/19/26,2.8562
2/20/26,2.8515
2/23/26,2.781
2/24/26,2.8408
2/25/26,2.8426
2/26/26,2.8126
2/27/26,2.8001
3/2/26,2.8384
3/3/26,2.826
3/4/26,290.7
3/5/26,2.9502
3/6/26,2.9397
3/9/26,299.6
3/10/26,299.1
3/11/26,292
3/12/26,300.9
3/13/26,292.75
3/16/26,297.75
3/17/26,302.05
3/18/26,297.4
3/19/26,297.4
3/20/26,311.15
3/23/26,306.9
3/24/26,319.15
3/25/26,315.8
3/26/26,307.1
3/27/26,301.05
3/30/26,294.3
3/31/26,297.85
4/1/26,299.9
4/2/26,299.9
4/3/26,295.95
4/6/26,298.15
4/7/26,298.15
4/8/26,298.15
4/9/26,298.15
4/10/26,300.66
4/13/26,295.51
4/14/26,298.89